<?xml version="1.0" encoding="utf-8"?>
<extension type="module" version="3.1" client="site" method="upgrade">
	<name>mod_search</name>
	<author>Joomla! Project</author>
	<creationDate>2023-06-21</creationDate>
	<copyright>(C) 2005 - 2023 Open Source Matters. All rights reserved.</copyright>
	<license>GNU General Public License version 2 or later; see LICENSE.txt</license>
	<authorEmail>admin@joomla.org</authorEmail>
	<authorUrl>www.joomla.org</authorUrl>
	<version>4.1.0</version>
	<description>MOD_SEARCH_XML_DESCRIPTION</description>
	<namespace>Joomla\Module\Search</namespace>
	<files>
		<file>script.php</file>
<folder>Helper</folder>
<folder>tmpl</folder>
<folder>language</folder>
<file module="mod_search">mod_search.php</file>
<file>mod_search.xml</file>
		<filename module="mod_search">mod_search.php</filename>
	</files>
	<languages folder="language">
		
	</languages>
	<help key="JHELP_EXTENSIONS_MODULE_MANAGER_SEARCH" />
	<config>
		<fields name="params">
			<fieldset name="basic">
				<field
					name="label"
					type="label"
					label="MOD_SEARCH_FIELD_LABEL_TEXT_LABEL"
					description="MOD_SEARCH_FIELD_LABEL_TEXT_DESC"
				/>

				<field
					name="text"
					type="text"
					label="MOD_SEARCH_FIELD_TEXT_LABEL"
					description="MOD_SEARCH_FIELD_TEXT_DESC"
				/>

				<field
					name="button"
					type="radio"
					layout="joomla.form.field.radio.switcher"
					label="MOD_SEARCH_FIELD_BUTTON_LABEL"
					default="0"
					filter="integer"
					>
					<option value="0">JNO</option>
					<option value="1">JYES</option>
				</field>

				<field
					name="imagebutton"
					type="radio"
					layout="joomla.form.field.radio.switcher"
					label="MOD_SEARCH_FIELD_IMAGEBUTTON_LABEL"
					default="0"
					filter="integer"
					showon="button:1"
					>
					<option value="0">JNO</option>
					<option value="1">JYES</option>
				</field>

				<field
					name="button_text"
					type="text"
					label="MOD_SEARCH_FIELD_BUTTONTEXT_LABEL"
					showon="button:1"
				/>

				<field
					name="opensearch"
					type="radio"
					layout="joomla.form.field.radio.switcher"
					label="MOD_SEARCH_FIELD_OPENSEARCH_LABEL"
					default="1"
					filter="integer"
					>
					<option value="0">JNO</option>
					<option value="1">JYES</option>
				</field>

				<field
					name="opensearch_title"
					type="text"
					label="MOD_SEARCH_FIELD_OPENSEARCH_TEXT_LABEL"
					showon="opensearch:1"
				/>

				<field
					name="set_itemid"
					type="menuitem"
					label="MOD_SEARCH_FIELD_SETITEMID_LABEL"
					default="0"
					filter="integer"
                    showon="opensearch:1"
					>
					<option value="0">MOD_SEARCH_SELECT_MENU_ITEMID</option>
				</field>
			</fieldset>
			<fieldset name="advanced">
				<field
					name="layout"
					type="modulelayout"
					label="JFIELD_ALT_LAYOUT_LABEL"
					class="custom-select"
					validate="moduleLayout"
				/>

				<field
					name="moduleclass_sfx"
					type="textarea"
					label="COM_MODULES_FIELD_MODULECLASS_SFX_LABEL"
					rows="3"
				/>

				<field
					name="cache"
					type="list"
					label="COM_MODULES_FIELD_CACHING_LABEL"
					default="1"
					filter="integer"
					>
					<option value="1">JGLOBAL_USE_GLOBAL</option>
					<option value="0">COM_MODULES_FIELD_VALUE_NOCACHING</option>
				</field>

				<field
					name="cache_time"
					type="number"
					label="COM_MODULES_FIELD_CACHE_TIME_LABEL"
					default="900"
					filter="integer"
				/>

				<field
					name="cachemode"
					type="hidden"
					default="itemid"
					>
					<option value="itemid"></option>
				</field>
			</fieldset>
		</fields>
	</config>
</extension>
