<?xml version="1.0" encoding="utf-8"?>
<extension version="5.0" type="plugin" group="system" method="upgrade">
	<name>uddeIM Hooks</name>
	<creationDate>2017-10-01</creationDate>
	<author>Stephan Slabihoud</author>
	<copyright>Stephan Slabihoud. This is free software and you may redistribute it under the GPL. uddeIM comes with absolutely no warranty. For details, see the license at http://www.gnu.org/licenses/gpl.txt. This version is based on uddeIM 0.5b which has been written by Benjamin Zweifel in 2006.</copyright>
	<license>GNU/GPL</license>
	<authorEmail>ssl@gmx.de</authorEmail>
	<authorUrl>http://www.slabihoud.de/software/</authorUrl>
	<version>5.0</version>
	<description>uddeIM Hooks plugin</description>
	<files>
		<filename plugin="uddeim_hooks">uddeim_hooks.php</filename>
	</files>
</extension>
