<?xml version="1.0" encoding="utf-8"?>
<extension type="component" version="5.0" method="upgrade">
    <name>uddeIM</name>
    <creationDate>2024-07-01</creationDate>
    <author>Stephan Slabihoud, v5 joomod.de</author>
    <copyright>This is free software and you may redistribute it under the GPL. uddeIM comes with absolutely no warranty. For details, see the license at http://www.gnu.org/licenses/gpl.txt. For icons credits and license, see LICENSE folder. Where noted, other copyrights apply for code portions. This version is based on uddeIM 0.5b which has been written by Benjamin Zweifel in 2006.</copyright>
    <license>GNU/GPLv3 http://www.gnu.org/licenses/gpl-3.0.html</license>
    <authorEmail>ssl@gmx.de</authorEmail>
    <authorUrl>https://github.com/slabbi/uddeIM</authorUrl>
    <version>5.6</version>
    <description>uddeIM Instant Messages for Joomla_5</description>
	<files folder="site">
		<folder>views</folder>
		<folder>js</folder>
		<folder>templates</folder>
		<folder>ReCaptcha</folder>
		<filename>archive.php</filename>
        <filename>attachment.php</filename>
		<filename>autoload.php</filename>
		<filename>bbparser.php</filename>
		<filename>captcha.php</filename>
		<filename>cb_extra.php</filename>
		<filename>crypt.class.php</filename>
		<filename>getpiclink.php</filename>
		<filename>inbox.php</filename>
		<filename>includes.db.php</filename>
		<filename>includes.php</filename>
		<filename>index.html</filename>
		<filename>json.php</filename>
		<filename>monofont.ttf</filename>
		<filename>outbox.php</filename>
        <filename>pfrontend.php</filename>
        <filename>postbox.php</filename>
		<filename>recaptchalib.php</filename>
        <filename>rss.php</filename>
		<filename>trashcan.php</filename>
		<filename>uddeim.api.php</filename>
		<filename>uddeim.php</filename>
		<filename>uddeimlib.php</filename>
        <filename>uddeimlib50.php</filename>
		<filename>userlists.php</filename>
	</files>
	<scriptfile>script50.php</scriptfile>
	<install>
		<sql>
			<file driver="mysql" charset="utf8">sql/install.mysql.utf8.sql</file>
		</sql>
	</install>
	<update>
		<schemas>
			<schemapath type="mysql">sql/updates</schemapath>
		</schemas>
	</update>
	<administration>
		<languages folder="admin">
			<language tag="en-GB">language/en-GB/en-GB.com_uddeim.ini</language>
			<language tag="en-GB">language/en-GB/en-GB.com_uddeim.sys.ini</language>
            <language tag="de-DE">language/de-DE/de-DE.com_uddeim.ini</language>
			<language tag="de-DE">language/de-DE/de-DE.com_uddeim.sys.ini</language>
            <language tag="fr-FR">language/fr-FR/fr-FR.com_uddeim.ini</language>
			<language tag="fr-FR">language/fr-FR/fr-FR.com_uddeim.sys.ini</language>
		</languages>
		<menu img="class:uddeim-menuicon">COM_UDDEIM_MENU</menu>
        <submenu>
            <menu link="option=com_uddeim">UddeIM Config</menu>
            <menu link="option=com_modules&amp;view=modules&amp;filter_module=0&amp;filter_search=uddeim&amp;client_id=0">UddeIM Modules</menu>
        </submenu>
		<files folder="admin">
			<folder>sql</folder>
			<folder>language</folder>
			<folder>language.utf8</folder>
			<filename>access.xml</filename>
			<filename>uddeim.php</filename>
			<filename>admin.includes.php</filename>
            <filename>admin.mcp.php</filename>
			<filename>admin.shared.php</filename>
            <filename>admin.spamcontrol.php</filename>
			<filename>admin.uddeim.php</filename>
            <filename>admin.uddeimlib50.php</filename>
			<filename>admin.usersettings.php</filename>
			<filename>config.class.php</filename>
			<filename>config.xml</filename>
			<filename>index.html</filename>
			<filename>toolbar.uddeim.php</filename>
			<filename>admin.uddeim5.css</filename>
            <filename>uddeim-menuicon.png</filename>
		</files>
	</administration>
    <updateservers>
		<server type="extension" priority="1" name="Uddeim Update Server">https://raw.githack.com/slabbi/uddeIM/main/uddeim_update.xml</server>
	</updateservers>
</extension>
