<?xml version="1.0" encoding="iso-8859-1"?>
<mosinstall version="1.0" type="mambot" group="com_adsmanager">
	<name>uddeIM Plugin for AdsManager</name>
	<author>Stephan Slabihoud, Thomas Papin</author>
	<creationDate>2008-06-25</creationDate>
	<copyright>Stephan Slabihoud, based on a plugin from Joomprod.com</copyright>
	<license>http://www.gnu.org/copyleft/gpl.html GNU/GPL</license>
	<authorUrl>http://www.slabihoud.de/software/</authorUrl>
        <authorEmail>ssl@gmx.de</authorEmail>
	<version>1.2</version>
	<description>This mambot requires AdsManager and uddeIM Component</description>
	<files>
		<filename mambot="uddeim_plug_adsmanager">uddeim_plug_adsmanager.php</filename>
	</files>
    <params>
	</params>
</mosinstall>
