<?xml version="1.0" encoding="iso-8859-1"?>
<install version="1.5" type="sef_ext">
	<name>uddeIM</name>
	<author>Denis Dulici</author>
	<creationDate>10 Feb 2009</creationDate>
	<copyright>Denis Dulici</copyright>
	<license>Denis Dulici</license>
	<authorEmail>denisdulici@hotmail.com</authorEmail>
	<authorUrl>www.cozumweb.com</authorUrl>
	<version>2.0.0</version>
	<description>Artio JoomSEF ext for uddeIM component.</description>
	<files>
		<filename sef_ext="uddeim">com_uddeim.php</filename>
	</files>
	<params>
 		<param name="ignoreSource" type="radio" default="2" label="Ignore multiple sources:" description="You can choose to override the default behaviour of this option.">
 			<option value="2">Use global config</option>
 			<option value="0">No</option>
 			<option value="1">Yes</option>
 		</param>
 		<param name="itemid" type="radio" default="0" label="Itemid handling:" description="You can choose to override the default behaviour with your own Itemid.">
 			<option value="0">Use global config</option>
 			<option value="1">Override</option>
 		</param>
 		<param name="overrideId" type="text" default="" label="Override Itemid:" description="Itemid to always use with this component. Leave blank to use the default one."></param>
 	</params>
</install>
