﻿<?xml version="1.0" encoding="utf-8"?><extension 	type="module" 	version="3.0.0"	client="site"	method="upgrade">        <name>Uddeim Simple Notifier</name>         <author>Michał Prochaczek</author>         <creationDate>2013-06-27</creationDate>         <copyright>All rights reserved by Michał Prochaczek 2010 - 2013</copyright>         <license>GPL 2.0</license>         <authorEmail>piglet@prochaczek.pl</authorEmail>         <authorUrl>michal.prochaczek.pl</authorUrl>         <version>0.3.0</version>         <description> 			Shows image when there are new uddeim messages and their number (option).			An image can be easly added by placing it in the module folder 			'/modules/mod_uddeim_simple_notifier/tmpl/images'.			Please check out the layout options: 'default' and 'text' in Advance option section.		</description>    		<files>    <!-- The "module" attribute signifies that this is the main controller file -->            <filename module="mod_uddeim_simple_notifier">mod_uddeim_simple_notifier.php</filename>            <filename>index.html</filename>            <filename>helper.php</filename>			<folder>tmpl</folder>		<!--	<filename>tmpl/default.php</filename>            <filename>tmpl/index.html</filename>			<filename>tmpl/images/index.html</filename>			<filename>tmpl/images/default.png</filename>			<filename>tmpl/images/default_animated.gif</filename>			<filename>tmpl/images/light.png</filename>			<filename>tmpl/images/kid.png</filename> -->
       </files>    	<languages>        <language tag="en-GB">en-GB.mod_uddeim_simple_notifier.ini</language>		<language tag="pl-PL">pl-PL.mod_uddeim_simple_notifier.ini</language>    </languages>		<config>    <!-- Optional parameters -->		<fields name="params">			 <fieldset name="basic"> 		<!-- parameter to show the number of new messages beside the notification image -->			<field name="displaynumber" type="list" default="0" label="MOD_UDDEIM_SIMPLE_DISPLAY_NUMBER" description="MOD_UDDEIM_SIMPLE_DESC_DISPLAY_NUMBER">				<option value="0">JNO</option>				<option value="1">JYES</option>			</field>			<field 				name="displayzero" 				type="list" 				default="0" 				label="MOD_UDDEIM_SIMPLE_DISPLAY_ZERO" 				description="MOD_UDDEIM_SIMPLE_DESC_DISPLAY_ZERO">					<option value="0">JNO</option>					<option value="1">MOD_UDDEIM_SIMPLE_DISPLAY_ZERO_1</option>					<option value="2">MOD_UDDEIM_SIMPLE_DISPLAY_ZERO_2</option>			</field>		<!-- parameter to choose image from the module image folder -->			<field 				name="icon" 				type="imagelist" 				default="default.png" 				label="MOD_UDDEIM_SIMPLE_CHOOSE_ICON" 				description="MOD_UDDEIM_SIMPLE_DESC_CHOOSE_ICON" 				directory="modules/mod_uddeim_simple_notifier/tmpl/images" 				exclude="" stripext="" hide_none="1"/>			</fieldset>		<fieldset 				name="advanced">				<field            		name="layout"					type="modulelayout"					label="JFIELD_ALT_LAYOUT_LABEL"					description="JFIELD_ALT_MODULE_LAYOUT_DESC" />		<!-- parameter to allow placement of a module class suffix for the module table / xhtml display -->				<field					name="moduleclass_sfx"					type="text"					label="COM_MODULES_FIELD_MODULECLASS_SFX_LABEL"					description="COM_MODULES_FIELD_MODULECLASS_SFX_DESC" />    		</fieldset>		</fields>	</config>	</extension>